id,first_name,last_name,email,gender,ip_address
1,Carly,Strowger,cstrowger0@newyorker.com,Male,218.153.199.232
2,Grace,Seeger,gseeger1@networksolutions.com,Male,17.107.176.150
3,Glenn,Kenneford,gkenneford2@oaic.gov.au,Female,120.159.57.114
4,Dicky,Tutton,dtutton3@xing.com,Male,9.180.82.0
5,Leandra,Hourahan,lhourahan4@howstuffworks.com,Female,23.156.94.97
6,Merrili,Melly,mmelly5@ameblo.jp,Female,89.197.113.178
7,Saunder,Ruffle,sruffle6@wikia.com,Male,74.77.23.114
8,Thalia,Roskruge,troskruge7@godaddy.com,Female,252.33.228.252
9,Eloisa,Oke,eoke8@ft.com,Female,253.184.103.47
10,Mona,Borer,mborer9@tumblr.com,Female,195.11.94.61
11,Lian,Croxford,lcroxforda@comsenz.com,Female,156.90.191.192
12,Daisie,Guidera,dguiderab@google.ru,Female,103.94.226.153
13,Onfroi,Benny,obennyc@army.mil,Male,212.77.227.123
14,Hagan,McHan,hmchand@examiner.com,Male,214.114.35.98
15,Meaghan,Gallager,mgallagere@virginia.edu,Female,121.62.54.109
16,Chariot,Warburton,cwarburtonf@latimes.com,Male,190.109.86.138
17,Grover,Bockin,gbocking@rediff.com,Male,117.177.77.168
18,Mayer,Bleckly,mblecklyh@senate.gov,Male,136.87.147.127
19,Wynn,Manifield,wmanifieldi@craigslist.org,Female,244.217.143.157
20,Beltran,Frostdyke,bfrostdykej@patch.com,Male,135.251.83.108
21,Ferd,Verna,fvernak@hud.gov,Male,130.176.33.222
22,Abigael,Woodward,awoodwardl@ebay.com,Female,119.8.28.82
23,Flossie,Finlator,ffinlatorm@mediafire.com,Female,173.239.136.18
24,Noah,Adaway,nadawayn@springer.com,Male,142.116.186.3
25,Leann,Bolt,lbolto@about.me,Female,188.169.111.86
26,Gallard,Cammomile,gcammomilep@phoca.cz,Male,26.253.79.180
27,Christoper,Roscamp,croscampq@youtube.com,Male,202.145.189.241
28,Sandy,Barribal,sbarribalr@google.com.br,Female,54.161.237.136
29,Devin,Peebles,dpeebless@ycombinator.com,Female,147.44.120.94
30,Paxton,Tunnah,ptunnaht@toplist.cz,Male,111.129.236.2
31,Kurt,Moorerud,kmoorerudu@creativecommons.org,Male,151.126.98.107
32,Kaile,Dallas,kdallasv@friendfeed.com,Female,252.187.245.84
33,Ave,Salla,asallaw@free.fr,Male,183.176.67.76
34,Giorgio,Bourbon,gbourbonx@mediafire.com,Male,82.254.30.49
35,Nealy,Bills,nbillsy@weibo.com,Male,234.162.11.79
36,Roxi,McDunlevy,rmcdunlevyz@360.cn,Female,40.97.73.94
37,Huntlee,Dietmar,hdietmar10@sphinn.com,Male,31.210.36.186
38,Kennie,Knowler,kknowler11@state.tx.us,Male,28.160.242.57
39,Lorilyn,Sutch,lsutch12@auda.org.au,Female,112.229.252.217
40,Kimmy,Boldecke,kboldecke13@blogger.com,Female,204.226.217.251
41,Tobias,Ibbott,tibbott14@globo.com,Male,57.134.187.146
42,Iosep,Phear,iphear15@latimes.com,Male,139.220.135.68
43,Lenette,MacGilfoyle,lmacgilfoyle16@earthlink.net,Female,91.77.178.1
44,Marabel,Unitt,munitt17@usnews.com,Female,184.200.76.113
45,Bibby,Thurley,bthurley18@newsvine.com,Female,149.153.245.208
46,Donetta,Reeme,dreeme19@shutterfly.com,Female,126.48.15.79
47,Gleda,Conry,gconry1a@myspace.com,Female,33.158.254.61
48,Wildon,Erdes,werdes1b@g.co,Male,125.36.58.124
49,Sterling,Brace,sbrace1c@java.com,Male,59.129.251.175
50,Kellsie,Lightwing,klightwing1d@dailymail.co.uk,Female,192.159.203.163
51,Andras,Coneron,aconeron1e@howstuffworks.com,Male,103.137.131.118
52,Ariel,MacKimmie,amackimmie1f@ox.ac.uk,Male,233.51.72.218
53,Caroljean,Neeves,cneeves1g@amazon.co.uk,Female,225.246.238.1
54,Jacob,Jessup,jjessup1h@simplemachines.org,Male,23.227.66.222
55,Shaylah,Kigelman,skigelman1i@a8.net,Female,61.35.6.196
56,Keary,Franzoli,kfranzoli1j@constantcontact.com,Male,165.157.148.103
57,Edvard,Gyles,egyles1k@vinaora.com,Male,113.237.250.32
58,Willetta,Ettery,wettery1l@friendfeed.com,Female,16.101.200.252
59,Enid,Ormond,eormond1m@sourceforge.net,Female,181.156.229.219
60,Ida,Lubeck,ilubeck1n@cornell.edu,Female,4.207.7.77
61,Arleyne,Breckell,abreckell1o@wunderground.com,Female,97.173.167.228
62,Norman,Wickey,nwickey1p@seattletimes.com,Male,129.59.200.136
63,Bartholemy,Padefield,bpadefield1q@surveymonkey.com,Male,224.191.119.245
64,Anabelle,Watt,awatt1r@dropbox.com,Female,232.237.98.184
65,Hasheem,Camelia,hcamelia1s@scribd.com,Male,50.45.181.235
66,Joceline,Drewett,jdrewett1t@mit.edu,Female,235.100.224.9
67,Munroe,Grishukhin,mgrishukhin1u@ovh.net,Male,164.54.152.187
68,Tamas,Baud,tbaud1v@clickbank.net,Male,254.185.126.43
69,Rosalynd,Crunden,rcrunden1w@youtu.be,Female,116.36.23.5
70,Page,Lemmanbie,plemmanbie1x@noaa.gov,Female,45.131.255.72
71,Stephanus,Moro,smoro1y@adobe.com,Male,247.210.226.62
72,Annamarie,Blaydon,ablaydon1z@so-net.ne.jp,Female,196.82.119.199
73,Crista,Corryer,ccorryer20@fda.gov,Female,144.246.234.138
74,Kathie,Crombie,kcrombie21@blinklist.com,Female,225.203.98.124
75,Krystalle,Knott,kknott22@marketwatch.com,Female,86.185.40.161
76,Mozes,Pidgeon,mpidgeon23@slideshare.net,Male,61.143.65.140
77,Alvin,Attarge,aattarge24@altervista.org,Male,99.215.79.26
78,Britte,Pallin,bpallin25@google.ca,Female,19.149.252.42
79,Mile,Langrish,mlangrish26@springer.com,Male,66.42.21.223
80,Mae,Justun,mjustun27@goo.gl,Female,238.131.24.212
81,Rachael,Cahillane,rcahillane28@cam.ac.uk,Female,112.202.60.100
82,Tonia,Duesberry,tduesberry29@pbs.org,Female,170.84.118.43
83,Thacher,Rosser,trosser2a@mapy.cz,Male,48.98.54.6
84,Brig,Le Jean,blejean2b@so-net.ne.jp,Male,237.33.227.170
85,Byrle,Bolletti,bbolletti2c@rambler.ru,Male,178.43.206.203
86,Innis,Langlois,ilanglois2d@360.cn,Male,184.1.172.106
87,Padget,Park,ppark2e@wiley.com,Male,185.255.205.127
88,Candida,Draycott,cdraycott2f@imageshack.us,Female,226.112.121.101
89,Patricio,MacGilmartin,pmacgilmartin2g@taobao.com,Male,107.42.50.25
90,Stesha,Lane,slane2h@narod.ru,Female,238.4.171.120
91,Cyrus,Barras,cbarras2i@huffingtonpost.com,Male,213.186.15.145
92,Meade,Brine,mbrine2j@51.la,Female,104.100.222.214
93,Aurelie,Vannuchi,avannuchi2k@sakura.ne.jp,Female,118.117.44.57
94,Torrie,Lyman,tlyman2l@geocities.jp,Female,20.60.60.176
95,Liana,Hobbert,lhobbert2m@google.co.jp,Female,74.154.233.169
96,Grier,O'Hannay,gohannay2n@mit.edu,Female,28.99.226.14
97,Sholom,Galgey,sgalgey2o@pinterest.com,Male,79.83.137.93
98,Johny,Ducker,jducker2p@geocities.jp,Male,165.150.241.235
99,Phillip,Stalley,pstalley2q@ask.com,Male,117.18.61.177
100,Stefano,Kerin,skerin2r@dyndns.org,Male,71.205.141.33
